DROP TABLE IF EXISTS b2c_class;
CREATE TABLE b2c_class (
   id int(10) unsigned NOT NULL auto_increment,
   name varchar(40),
   up_id int(10) unsigned NOT NULL,
   KEY id (id)
);

INSERT INTO b2c_class VALUES('55', 'network', '0');
INSERT INTO b2c_class VALUES('68', '??', '46');
INSERT INTO b2c_class VALUES('57', 'machine', '0');
INSERT INTO b2c_class VALUES('48', 'AMP', '46');
INSERT INTO b2c_class VALUES('46', 'network', '0');
INSERT INTO b2c_class VALUES('53', 'TCL', '46');
INSERT INTO b2c_class VALUES('52', '??', '46');
INSERT INTO b2c_class VALUES('51', 'IBM', '46');
INSERT INTO b2c_class VALUES('50', 'IBDN', '46');
INSERT INTO b2c_class VALUES('58', 'plug', '0');
INSERT INTO b2c_class VALUES('59', 'wireless', '0');
INSERT INTO b2c_class VALUES('75', '??', '46');
INSERT INTO b2c_class VALUES('71', '???', '46');
INSERT INTO b2c_class VALUES('74', '????', '46');
INSERT INTO b2c_class VALUES('70', '??', '46');
INSERT INTO b2c_class VALUES('69', '??', '46');
INSERT INTO b2c_class VALUES('67', 'AVAYA', '46');
INSERT INTO b2c_class VALUES('72', '??', '46');
INSERT INTO b2c_class VALUES('73', '??', '46');
INSERT INTO b2c_class VALUES('76', '??', '46');
INSERT INTO b2c_class VALUES('77', '??', '46');
INSERT INTO b2c_class VALUES('78', 'Cisco', '55');
INSERT INTO b2c_class VALUES('79', 'D-link', '55');
INSERT INTO b2c_class VALUES('133', '??', '57');
INSERT INTO b2c_class VALUES('81', '??', '55');
INSERT INTO b2c_class VALUES('82', '??', '55');
INSERT INTO b2c_class VALUES('83', 'TP-link', '55');
INSERT INTO b2c_class VALUES('84', '????', '55');
INSERT INTO b2c_class VALUES('85', '????', '55');
INSERT INTO b2c_class VALUES('86', '??', '58');
INSERT INTO b2c_class VALUES('87', 'tools', '0');
INSERT INTO b2c_class VALUES('88', 'web', '0');
INSERT INTO b2c_class VALUES('116', 'pipe', '0');
INSERT INTO b2c_class VALUES('91', 'mobile', '0');
INSERT INTO b2c_class VALUES('92', '????', '88');
INSERT INTO b2c_class VALUES('93', '????', '88');
INSERT INTO b2c_class VALUES('94', '????', '88');
INSERT INTO b2c_class VALUES('96', 'IBM', '59');
INSERT INTO b2c_class VALUES('97', 'Ayaya', '59');
INSERT INTO b2c_class VALUES('98', 'IBDN', '59');
INSERT INTO b2c_class VALUES('99', 'AMP', '59');
INSERT INTO b2c_class VALUES('100', '??', '59');
INSERT INTO b2c_class VALUES('101', '??', '59');
INSERT INTO b2c_class VALUES('102', 'sport', '0');
INSERT INTO b2c_class VALUES('104', '??', '46');
INSERT INTO b2c_class VALUES('105', 'power', '0');
INSERT INTO b2c_class VALUES('106', '???', '46');
INSERT INTO b2c_class VALUES('107', '??', '57');
INSERT INTO b2c_class VALUES('108', '???', '57');
INSERT INTO b2c_class VALUES('109', '??', '57');
INSERT INTO b2c_class VALUES('110', '??', '87');
INSERT INTO b2c_class VALUES('111', 'AMP', '87');
INSERT INTO b2c_class VALUES('112', '??', '87');
INSERT INTO b2c_class VALUES('113', 'CABLENET', '59');
INSERT INTO b2c_class VALUES('115', '??', '46');
INSERT INTO b2c_class VALUES('117', 'service', '0');
INSERT INTO b2c_class VALUES('118', 'IBM', '117');
INSERT INTO b2c_class VALUES('120', '??', '117');
INSERT INTO b2c_class VALUES('121', '??', '117');
INSERT INTO b2c_class VALUES('122', '??', '117');
INSERT INTO b2c_class VALUES('123', '??', '117');
INSERT INTO b2c_class VALUES('124', '??', '117');
INSERT INTO b2c_class VALUES('125', '????', '55');
INSERT INTO b2c_class VALUES('126', 'Edimax', '55');
INSERT INTO b2c_class VALUES('127', '??', '55');
INSERT INTO b2c_class VALUES('128', '???', '55');
INSERT INTO b2c_class VALUES('129', '??', '55');
INSERT INTO b2c_class VALUES('130', 'IBDN', '87');
INSERT INTO b2c_class VALUES('131', 'AMP', '102');
INSERT INTO b2c_class VALUES('132', '??', '102');
INSERT INTO b2c_class VALUES('134', 'control', '0');
INSERT INTO b2c_class VALUES('135', 'apextech', '134');
INSERT INTO b2c_class VALUES('136', '????', '91');
INSERT INTO b2c_class VALUES('137', 'SCO-LINK', '91');
INSERT INTO b2c_class VALUES('138', '??', '55');
INSERT INTO b2c_class VALUES('139', '??', '59');
INSERT INTO b2c_class VALUES('143', '??', '105');
INSERT INTO b2c_class VALUES('142', '??', '105');
INSERT INTO b2c_class VALUES('144', '???', '105');
INSERT INTO b2c_class VALUES('145', '????', '91');



DROP TABLE IF EXISTS b2c_goods;
CREATE TABLE b2c_goods (
   id int(10) unsigned NOT NULL auto_increment,
   up_id int(10) unsigned NOT NULL,
   class_id int(10) unsigned NOT NULL,
   name varchar(60) NOT NULL,
   descript text NOT NULL,
   image varchar(40),
   price_m mediumint(9) NOT NULL,
   price mediumint(9) NOT NULL,
   state tinyint(4) NOT NULL,
   date datetime DEFAULT '0000-00-00 00:00:00' NOT NULL,
   KEY id (id)
);

INSERT INTO b2c_goods VALUES('43', '88', '92', '??????', '??', '', '130', '85', '0', '2002-10-25 19:41:36');
INSERT INTO b2c_goods VALUES('44', '88', '92', '??????', '??', '', '300', '270', '0', '2002-10-25 19:42:49');
INSERT INTO b2c_goods VALUES('45', '88', '93', '100M?????', '?????7*24?????????10?????????CGI?MYSQL?PHP?UNIX???????MP3???????????????', '', '800', '500', '0', '2002-10-25 19:48:37');
INSERT INTO b2c_goods VALUES('46', '46', '51', 'IBM???RJ45??/U', '??', '', '50', '40', '0', '2002-10-26 14:41:48');
INSERT INTO b2c_goods VALUES('47', '46', '51', 'IBM???RJ45??/S', '?', '', '90', '75', '0', '2002-10-26 14:43:55');
INSERT INTO b2c_goods VALUES('48', '46', '51', 'IBM????????', '??????RJ45-RJ45???1.0????????10???11k9670', '', '55', '60', '0', '2002-10-26 14:45:05');
INSERT INTO b2c_goods VALUES('49', '46', '51', 'IBM???????', '?????RJ45-RJ45???1.0?????1?10?', '', '65', '80', '0', '2002-10-26 14:49:23');
INSERT INTO b2c_goods VALUES('50', '46', '51', 'IBM???16??????', '??', '', '2400', '1700', '0', '2002-10-26 14:51:32');
INSERT INTO b2c_goods VALUES('51', '46', '51', 'IBM???16???????', '??', '', '1300', '1100', '0', '2002-10-26 14:52:33');
INSERT INTO b2c_goods VALUES('52', '46', '51', 'IBM???32??????', '??', '', '4500', '4000', '0', '2002-10-26 14:53:26');
INSERT INTO b2c_goods VALUES('53', '46', '51', 'IBM???32???????', '??', '', '2800', '2200', '0', '2002-10-26 14:56:02');
INSERT INTO b2c_goods VALUES('54', '46', '51', 'IBM???48??????', '??', '', '7000', '5500', '0', '2002-10-26 14:56:54');
INSERT INTO b2c_goods VALUES('55', '46', '51', 'IBM19\" 1U ??????????', '??', '', '185', '150', '0', '2002-10-26 14:58:03');
INSERT INTO b2c_goods VALUES('56', '46', '51', 'IBM19\" 2U ??????????', '??', '', '340', '280', '0', '2002-10-26 14:59:04');
INSERT INTO b2c_goods VALUES('57', '46', '51', 'IBM19\" 1U ??????', '??', '', '1100', '900', '0', '2002-10-26 14:59:48');
INSERT INTO b2c_goods VALUES('58', '46', '51', 'IBM19\" 1U ?????', '??', '', '3000', '2400', '0', '2002-10-26 15:00:35');
INSERT INTO b2c_goods VALUES('59', '46', '51', 'IBM??????/U,10xRJ45,2??', '??', '', '400', '350', '0', '2002-10-26 15:01:29');
INSERT INTO b2c_goods VALUES('60', '46', '51', 'IBM????', '??', '', '45', '35', '0', '2002-10-26 15:01:28');
INSERT INTO b2c_goods VALUES('61', '46', '51', 'IBMFM ??????-1', '??88*88', '', '56', '45', '0', '2002-10-26 15:02:41');
INSERT INTO b2c_goods VALUES('62', '46', '51', 'IBMFM ??????-2', '??88*88', '', '58', '48', '0', '2002-10-26 15:04:11');
INSERT INTO b2c_goods VALUES('63', '46', '51', 'IBMBS????', '??', '', '60', '50', '0', '2002-10-26 15:04:16');
INSERT INTO b2c_goods VALUES('64', '46', '51', 'IBMBS????', '??', '', '62', '57', '0', '2002-10-26 15:05:52');
INSERT INTO b2c_goods VALUES('65', '46', '51', 'IBM????', '??????????', '', '2', '1', '0', '2002-10-26 15:08:12');
INSERT INTO b2c_goods VALUES('66', '46', '51', 'IBM?????\"A\"???', '??', '', '38', '30', '0', '2002-10-26 15:08:10');
INSERT INTO b2c_goods VALUES('67', '46', '51', 'IBM?????\"A\"???', '??', '', '23', '18', '0', '2002-10-26 15:13:35');
INSERT INTO b2c_goods VALUES('68', '46', '51', 'IBM??????', '??', '', '14', '10', '0', '2002-10-26 15:14:41');
INSERT INTO b2c_goods VALUES('69', '46', '51', 'IBM??RJ45??/U', '??', '', '110', '80', '0', '2002-10-26 15:16:41');
INSERT INTO b2c_goods VALUES('70', '46', '51', 'IBM??RJ46??/S', '??', '', '160', '130', '0', '2002-10-26 15:16:43');
INSERT INTO b2c_goods VALUES('71', '46', '51', 'IBM???????', '?????RJ45-RJ45?????1.0?,?????15?', '', '125', '90', '0', '2002-10-26 15:18:39');
INSERT INTO b2c_goods VALUES('72', '46', '51', 'IBM??????', '????RJ45-RJ45?????1.0???????', '', '179', '130', '0', '2002-10-26 15:18:42');
INSERT INTO b2c_goods VALUES('73', '46', '51', 'IBM??16???????', '??', '', '2400', '1900', '0', '2002-10-26 15:23:20');
INSERT INTO b2c_goods VALUES('74', '46', '51', 'IBM??32???????', '??', '', '4500', '3500', '0', '2002-10-26 15:23:18');
INSERT INTO b2c_goods VALUES('75', '46', '51', 'IBM??48???????', '??', '', '7300', '5300', '0', '2002-10-26 15:25:00');
INSERT INTO b2c_goods VALUES('76', '46', '51', 'IBM??16??????', '??', '', '3700', '2900', '0', '2002-10-26 15:25:02');
INSERT INTO b2c_goods VALUES('77', '46', '51', 'IBM??32??????', '??', '', '7192', '5500', '0', '2002-10-26 15:26:37');
INSERT INTO b2c_goods VALUES('78', '46', '51', 'IBM??48??????', '??', '', '10000', '8200', '0', '2002-10-26 15:27:39');
INSERT INTO b2c_goods VALUES('79', '46', '51', 'IBM???????', '305?/?', '', '1100', '650', '0', '2002-10-26 15:27:27');
INSERT INTO b2c_goods VALUES('80', '46', '51', 'IBM???????????', '305?/?', '', '1750', '1220', '0', '2002-10-26 15:29:36');
INSERT INTO b2c_goods VALUES('81', '46', '51', 'IBM??????', '??', '', '1530', '1100', '0', '2002-10-26 15:29:41');
INSERT INTO b2c_goods VALUES('82', '46', '51', 'IBM??????????', '??', '', '1920', '1630', '0', '2002-10-26 15:30:55');
INSERT INTO b2c_goods VALUES('83', '46', '51', 'IBM?????????????', '500M/?', '', '3320', '2300', '0', '2002-10-26 15:31:02');
INSERT INTO b2c_goods VALUES('84', '46', '51', 'IBM????????????', '500?/?', '', '5300', '3900', '0', '2002-10-26 15:32:45');
INSERT INTO b2c_goods VALUES('85', '46', '51', 'IBM??????', '305?/?', '', '1800', '1300', '0', '2002-10-26 15:34:03');
INSERT INTO b2c_goods VALUES('86', '46', '51', 'IBMS-FTP?????', '305?/?', '', '3700', '2800', '0', '2002-10-26 15:35:06');
INSERT INTO b2c_goods VALUES('87', '46', '51', 'IBM25?????? CAT 5', '305?/?', '', '14200', '11000', '0', '2002-10-26 15:35:08');
INSERT INTO b2c_goods VALUES('88', '46', '51', 'IBM25?????? CAT 3', '500?/?', '', '9400', '6800', '0', '2002-10-26 15:36:51');
INSERT INTO b2c_goods VALUES('89', '46', '51', 'IBM50??????', '500?/?', '', '17600', '13500', '0', '2002-10-26 15:36:46');
INSERT INTO b2c_goods VALUES('90', '46', '51', 'IBM100??????', '500?/?', '', '33000', '24500', '0', '2002-10-26 15:38:43');
INSERT INTO b2c_goods VALUES('91', '46', '52', '?????????', '????\r\n??????????86?? \r\n??????????????????????\r\n??????????????????????????????????????? \r\n???????????????????????\r\n?????????????????\r\n\r\n????\r\n????ABS?????\r\n??:??/??,??/??', 'goods_img/1035662796.jpg', '10', '5', '0', '2002-10-26 16:04:21');
INSERT INTO b2c_goods VALUES('92', '46', '52', '??????????', '????\r\n??????????????????????\r\n??????????????????????????????????????? \r\n???????????????????????\r\n?????????????????', 'goods_img/1035663110.jpg', '18', '10', '0', '2002-10-26 16:07:48');
INSERT INTO b2c_goods VALUES('93', '46', '52', '??????????', '????\r\n??????????????????????\r\n??????????????????????????????????????? \r\n???????????????????????\r\n?????????????????', 'goods_img/1035663477.jpg', '20', '12', '0', '2002-10-26 16:12:53');
INSERT INTO b2c_goods VALUES('94', '46', '52', '??JKBO2????', '????\r\n??T-568A??????????T568A?T568B?????????????????????\r\n?????????????????????????????????\r\n\r\n????\r\n8??????50?m?????????1500???\r\n?????????????IDC???????????\r\n???22?24?26AWG?0.64?0.5?0.4mm????????250???\r\n???T568A?T568B??\r\n?100MHz???????', 'goods_img/1035663733.jpg', '25', '16', '0', '2002-10-26 16:18:40');
INSERT INTO b2c_goods VALUES('95', '46', '52', '??JKBO3????', '????\r\n??T-568A??????????T568A?T568B?????????????????????\r\n?????????????????????????????????\r\n???\r\n\r\n????\r\n8??????50?m?????????1500???\r\n?????????????IDC???????????\r\n???22?24?26AWG?0.64?0.5?0.4mm????????250???\r\n???T568A?T568B??\r\n?100MHz???????', 'goods_img/1035663847.jpg', '28', '20', '0', '2002-10-26 16:22:50');
INSERT INTO b2c_goods VALUES('96', '46', '52', '??JKRO2????', '????\r\n???????????????????????????\r\n?????????????????????????????????\r\n\r\n????\r\n6??????50?m?????????1500???\r\n?????????????IDC???????????\r\n???22?24?26AWG?0.64?0.5?0.4mm????????250???\r\n???????', 'goods_img/1035664084.jpg', '18', '12', '0', '2002-10-26 16:26:09');
INSERT INTO b2c_goods VALUES('97', '46', '52', '??24????', '????\r\n??T-568A??????????T568A?T568B???????????????????????????????\r\n????????????????????????????????????????????19\"???????\r\n\r\n????\r\n????????????\r\nRJ45?????ABS??????????IDC???????????\r\n???22?24?26AWG?0.64?0.5?0.4mm????????250???\r\n???T568A?T568B??\r\n?????110?????\r\n?100MHz???????', 'goods_img/1035664247.jpg', '630', '450', '0', '2002-10-26 16:28:29');
INSERT INTO b2c_goods VALUES('98', '46', '52', '??48????', '????\r\n??T-568A??????????T568A?T568B???????????????????????????????\r\n????????????????????????????????????????????19\"???????\r\n\r\n????\r\n????????????\r\nRJ45?????ABS??????????IDC???????????\r\n???22?24?26AWG?0.64?0.5?0.4mm????????250???\r\n???T568A?T568B??\r\n?????110?????\r\n?100MHz???????', 'goods_img/1035664489.jpg', '1260', '900', '0', '2002-10-26 16:32:52');
INSERT INTO b2c_goods VALUES('99', '46', '52', '??50????????', '????\r\n??T-568A??????????T568A?T568B???????????????????????????????\r\n??????????????????????????????????????????\r\n?????????????????\r\n\r\n????\r\n?????????????\r\nIDC????????????????250???\r\n??????????????????\r\n???22?24?26AWG?0.64?0.5?0.4mm???\r\n???T568A?T568B??\r\n?????110?????\r\n?100MHz???????', 'goods_img/1035664708.jpg', '160', '90', '0', '2002-10-26 16:36:41');
INSERT INTO b2c_goods VALUES('100', '46', '52', '??100????????', '????\r\n??T-568A??????????T568A?T568B???????????????????????????????\r\n??????????????????????????????????????????\r\n????????????????????????????????????????\r\n??????????\r\n\r\n\r\n????\r\n?????????????\r\nIDC????????????????250???\r\n??????????????????\r\n???22?24?26AWG?0.64?0.5?0.4mm???\r\n???T568A?T568B??\r\n?????110?????\r\n?100MHz???????', 'goods_img/1035665512.jpg', '300', '180', '0', '2002-10-26 16:41:58');
INSERT INTO b2c_goods VALUES('101', '46', '52', '??100???????????', '????\r\n??T-568A??????????T568A?T568B???????????????????????????????\r\n??????????????????????????????????????????\r\n??19\" ???????1U??? \r\n\r\n????\r\n????????????????????\r\nIDC????????????????250???\r\n??????????????????\r\n???22?24?26AWG?0.64?0.5?0.4mm???\r\n???T568A?T568B??\r\n?????110?????\r\n?100MHz???????', 'goods_img/1035665362.jpg', '340', '180', '0', '2002-10-26 16:47:59');
INSERT INTO b2c_goods VALUES('102', '46', '52', '????????', '????\r\n?????????????????\r\n???????????????????????\r\n???????????????????????????????????\r\n??????????????????????\r\n????\r\n???????????\r\n??4????', 'goods_img/1035665999.jpg', '80', '45', '0', '2002-10-26 16:55:22');
INSERT INTO b2c_goods VALUES('103', '46', '52', '???????', '????\r\n??T-568A?????????19\" ??????????????????????????????????\r\n???????????????????????????????????\r\n\r\n????\r\n??19\" ?????????\r\n??24????\r\n?????ABS????\r\n????', 'goods_img/1035666285.jpg', '160', '90', '0', '2002-10-26 17:02:00');
INSERT INTO b2c_goods VALUES('104', '46', '52', '???????', '????\r\n??T-568A?????????19\" ??????????????????????????????????\r\n???????????????????????????????????\r\n\r\n????\r\n??19\" ?????????\r\n??24????\r\n?????ABS????\r\n????', 'goods_img/1035666515.jpg', '320', '160', '0', '2002-10-26 17:05:46');
INSERT INTO b2c_goods VALUES('105', '46', '52', '??RJ45?', '????\r\n??T-568A??????????T568A?T568B???\r\n???????????????????????????????\r\n??RJ45???110????????????\r\n\r\n????\r\n?????????\r\n50?m??????', 'goods_img/1035666851.jpg', '2', '1', '0', '2002-10-26 17:10:54');
INSERT INTO b2c_goods VALUES('106', '46', '52', '??RJ45-RJ45??', '????\r\n??1?,?????5?\r\n????????????????????T-568A??????????T568A?T568B???\r\n??????????????????????????????????????????????????\r\n\r\n????\r\n24AWG????\r\n???????????????\r\n????????????\r\n???RJ45?????T-568A???????\r\n?????????\r\n?????100Mbps,155Mbps ATM ?622Mbps ????????\r\n?????????????????????', 'goods_img/1035667288.jpg', '16', '9', '0', '2002-10-26 17:15:24');
INSERT INTO b2c_goods VALUES('107', '58', '86', 'Jingyi three flip-up copper surface inserted (square )', 'Refined copper surface coating, the standard five-hole power , standard five-hole power , square , size : 120 * 120MM Optional three various types of 120', 'goods_img/1036955329.gif', '180', '80', '0', '2002-10-27 14:03:02');
INSERT INTO b2c_goods VALUES('211', '58', '86', 'Jingyi three pairs spin from the formula inserted copper sur', 'Refined copper surface coating, the standard five-hole power , a greater height adjustment range and level of trim , size : ?150MM,Optional three various types of 120', 'goods_img/1036963536.gif', '285', '145', '0', '2002-11-10 16:23:40');
INSERT INTO b2c_goods VALUES('212', '58', '86', 'Fine arts from three open -type copper surface inserted ( 11', 'Refined copper surface coating, the standard five-hole power , size : ?110MM', 'goods_img/1036964248.gif', '250', '120', '0', '2002-11-10 16:33:45');
INSERT INTO b2c_goods VALUES('213', '58', '86', 'Fine arts from three open -type copper surface inserted (150', 'Refined copper surface coating, the standard five-hole power , size : ?150MM\nThree optional modules of various types 120 , 118 or two modules\n', 'goods_img/1036965413.gif', '260', '135', '0', '2002-11-10 16:39:01');
INSERT INTO b2c_goods VALUES('113', '87', '110', '????110?????', '????\r\n?????????? \r\n??????110?????????????\r\n\r\n????????????????????????? \r\n???????????????????\r\n\r\n????\r\n??????????????\r\n???????', 'goods_img/1036353345.jpg', '150', '95', '0', '2002-11-03 14:54:41');
INSERT INTO b2c_goods VALUES('114', '87', '110', '????110?????', '????\r\n??110???????????? \r\n???????????????????\r\n\r\n????????????????????????? \r\n???????????????????\r\n\r\n\r\n????\r\n\r\n??????????????\r\n\r\n??????', 'goods_img/1036353448.jpg', '1200', '950', '0', '2002-11-03 14:56:26');
INSERT INTO b2c_goods VALUES('115', '87', '110', '??RJ45 + RJ11??????', '????\r\n????????????? \r\n??????RJ45?RJ11?????????\r\n\r\n????????????????????????? \r\n???????????????????\r\n\r\n\r\n????\r\n\r\n??????????????\r\n\r\n??????', 'goods_img/1036353573.jpg', '150', '125', '0', '2002-11-03 14:57:45');
INSERT INTO b2c_goods VALUES('116', '87', '110', '??????', '????\r\n????????????? \r\n????????????????\r\n\r\n????????????????????????? \r\n???????????????????\r\n\r\n\r\n????\r\n\r\n????????\r\n\r\n?????', 'goods_img/1036353547.jpg', '35', '25', '0', '2002-11-03 14:58:38');
INSERT INTO b2c_goods VALUES('117', '59', '113', 'CABLENET????4???', '??', '', '7', '5', '0', '2002-11-03 15:08:54');
INSERT INTO b2c_goods VALUES('118', '59', '113', 'CABLENET????6???', '??', '', '8', '6', '0', '2002-11-03 15:11:45');
INSERT INTO b2c_goods VALUES('119', '59', '113', 'CABLENET????8???', '??', '', '9', '7', '0', '2002-11-03 15:13:04');
INSERT INTO b2c_goods VALUES('120', '59', '113', 'CABLENET????12???', '??', '', '12', '9', '0', '2002-11-03 15:14:05');
INSERT INTO b2c_goods VALUES('121', '59', '113', 'CABLENET????4???', '??', '', '8', '6', '0', '2002-11-03 15:14:56');
INSERT INTO b2c_goods VALUES('122', '59', '113', 'CABLENET????6???', '??', '', '9', '7', '0', '2002-11-03 15:16:49');
INSERT INTO b2c_goods VALUES('123', '59', '113', 'CABLENET????8???', '??', '', '10', '8', '0', '2002-11-03 15:17:54');
INSERT INTO b2c_goods VALUES('124', '59', '113', 'CABLENET????12???', '??', '', '14', '11', '0', '2002-11-03 15:19:05');
INSERT INTO b2c_goods VALUES('125', '59', '113', 'CABLENET????4???', '??', '', '10', '8', '0', '2002-11-03 15:20:54');
INSERT INTO b2c_goods VALUES('126', '59', '113', 'CABLENET????6???', '??', '', '12', '10', '0', '2002-11-03 15:21:40');
INSERT INTO b2c_goods VALUES('127', '59', '113', 'CABLENET????12???', '??', '', '19', '16', '0', '2002-11-03 15:20:53');
INSERT INTO b2c_goods VALUES('128', '59', '113', 'CABLENET????4???', '??', '', '11', '9', '0', '2002-11-03 15:23:01');
INSERT INTO b2c_goods VALUES('129', '59', '113', 'CABLENET????6???', '??', '', '14', '11', '0', '2002-11-03 15:23:44');
INSERT INTO b2c_goods VALUES('130', '59', '113', 'CABLENET????8???', '??', '', '20', '14', '0', '2002-11-03 15:24:34');
INSERT INTO b2c_goods VALUES('131', '59', '113', 'CABLENET????12???', '??', '', '25', '20', '0', '2002-11-03 15:25:14');
INSERT INTO b2c_goods VALUES('132', '59', '113', 'CABLENET????????(3?)', 'ST-ST/SC-SC/FC-FC??,?3?,??', '', '65', '120', '0', '2002-11-03 15:27:01');
INSERT INTO b2c_goods VALUES('133', '59', '113', 'CABLENET????????(5?)', 'ST-ST/SC-SC/FC-FC??,?5?,??', '', '150', '80', '0', '2002-11-03 15:29:47');
INSERT INTO b2c_goods VALUES('134', '59', '113', 'CABLENET????????(3?)', 'ST-ST/SC-SC/FC-FC??,?3?,??', '', '150', '80', '0', '2002-11-03 15:30:29');
INSERT INTO b2c_goods VALUES('135', '59', '113', 'CABLENET????????(5?)', 'ST-ST/SC-SC/FC-FC??,?5?,??', '', '170', '100', '0', '2002-11-03 15:32:21');
INSERT INTO b2c_goods VALUES('136', '59', '113', 'CABLENET??10M?????', '10M (ST???', '', '1800', '1300', '0', '2002-11-03 15:33:40');
INSERT INTO b2c_goods VALUES('137', '59', '113', 'CABLENET??100M?????', '100M(SC???', '', '1900', '1350', '0', '2002-11-03 15:35:36');
INSERT INTO b2c_goods VALUES('138', '59', '113', 'CABLENET??10M/100M?????', '10/100M ?SC???', '', '2000', '1400', '0', '2002-11-03 15:36:42');
INSERT INTO b2c_goods VALUES('139', '59', '113', 'CABLENET??10M?????', '??', '', '900', '500', '0', '2002-11-03 15:37:33');
INSERT INTO b2c_goods VALUES('140', '59', '113', 'CABLENET??100M?????', '??', '', '1000', '520', '0', '2002-11-03 15:38:41');
INSERT INTO b2c_goods VALUES('141', '59', '113', 'CABLENET??10M/100M?????', '??', '', '1200', '550', '0', '2002-11-03 15:39:18');
INSERT INTO b2c_goods VALUES('142', '59', '113', 'CABLENET?????', 'SC/ST/FC??', '', '50', '25', '0', '2002-11-03 15:41:04');
INSERT INTO b2c_goods VALUES('143', '59', '113', 'CABLENET?????', 'SC/ST/FC???', '', '60', '25', '0', '2002-11-03 15:43:17');
INSERT INTO b2c_goods VALUES('144', '59', '113', 'CABLENET?????', 'SC/ST/FC??', '', '40', '20', '0', '2002-11-03 15:43:50');
INSERT INTO b2c_goods VALUES('145', '59', '113', 'CABLENET?????', 'SC/ST/FC??', '', '40', '20', '0', '2002-11-03 15:45:43');
INSERT INTO b2c_goods VALUES('146', '59', '113', 'CABLENET?????8????', '??', '', '300', '120', '0', '2002-11-03 15:47:15');
INSERT INTO b2c_goods VALUES('147', '59', '113', 'CABLENET?????12????', '??', '', '350', '170', '0', '2002-11-03 15:48:48');
INSERT INTO b2c_goods VALUES('148', '59', '113', 'CABLENET?????24????', '??', '', '400', '200', '0', '2002-11-03 15:49:41');
INSERT INTO b2c_goods VALUES('95', '46', '52', '??JKBO3????', '????\r\n??T-568A??????????T568A?T568B?????????????????????\r\n?????????????????????????????????\r\n???\r\n\r\n????\r\n8??????50?m?????????1500???\r\n?????????????IDC???????????\r\n???22?24?26AWG?0.64?0.5?0.4mm????????250???\r\n???T568A?T568B??\r\n?100MHz???????', 'goods_img/1035663847.jpg', '28', '20', '0', '2002-10-26 16:22:50');



DROP TABLE IF EXISTS b2c_requests;
CREATE TABLE b2c_requests (
   id int(10) unsigned NOT NULL auto_increment,
   user_id int(10) unsigned NOT NULL,
   name varchar(20) NOT NULL,
   sex tinyint(4) NOT NULL,
   email varchar(60) NOT NULL,
   province varchar(10) NOT NULL,
   city varchar(12) NOT NULL,
   tel varchar(40) NOT NULL,
   address varchar(100) NOT NULL,
   post varchar(6) NOT NULL,
   attrib text,
   fee decimal(16,2) DEFAULT '0.00' NOT NULL,
   pay tinyint(4) NOT NULL,
   send_out tinyint(4) NOT NULL,
   payment tinyint(4) NOT NULL,
   date_created datetime DEFAULT '0000-00-00 00:00:00' NOT NULL,
   KEY id (id)
);

INSERT INTO b2c_requests VALUES('1', '1', '???', '1', 'wyx726@163.com', '??', '??', '13084436190', '???', '610041', '', '4567.50', '2', '0', '0', '2004-03-31 11:05:29');
INSERT INTO b2c_requests VALUES('4', '49', '', '0', '', '', '', '', '', '', '', '1980.00', '0', '0', '0', '2015-11-22 19:30:11');
INSERT INTO b2c_requests VALUES('5', '49', '', '0', '', '', '', '', '', '', '', '40.00', '0', '0', '0', '2015-11-22 19:41:55');
INSERT INTO b2c_requests VALUES('6', '49', '', '0', '', '', '', '', '', '', '', '1530.00', '0', '1', '1', '2015-11-22 19:44:57');



DROP TABLE IF EXISTS b2c_shopping;
CREATE TABLE b2c_shopping (
   id int(10) unsigned NOT NULL auto_increment,
   requests_id int(10) unsigned NOT NULL,
   user_id int(10) unsigned NOT NULL,
   goods_id int(10) unsigned NOT NULL,
   goods_num mediumint(9) NOT NULL,
   date_created datetime DEFAULT '0000-00-00 00:00:00' NOT NULL,
   KEY id (id)
);

INSERT INTO b2c_shopping VALUES('1', '1', '1', '634', '2', '2004-03-31 11:05:29');
INSERT INTO b2c_shopping VALUES('2', '1', '1', '633', '2', '2004-03-31 11:05:29');
INSERT INTO b2c_shopping VALUES('3', '1', '1', '632', '1', '2004-03-31 11:05:29');
INSERT INTO b2c_shopping VALUES('4', '1', '1', '631', '1', '2004-03-31 11:05:29');
INSERT INTO b2c_shopping VALUES('5', '1', '1', '629', '1', '2004-03-31 11:05:29');
INSERT INTO b2c_shopping VALUES('6', '1', '1', '630', '1', '2004-03-31 11:05:29');
INSERT INTO b2c_shopping VALUES('7', '1', '1', '628', '1', '2004-03-31 11:05:29');
INSERT INTO b2c_shopping VALUES('8', '1', '1', '627', '1', '2004-03-31 11:05:29');
INSERT INTO b2c_shopping VALUES('9', '1', '1', '623', '1', '2004-03-31 11:05:29');
INSERT INTO b2c_shopping VALUES('10', '1', '1', '624', '1', '2004-03-31 11:05:29');
INSERT INTO b2c_shopping VALUES('11', '1', '1', '622', '2', '2004-03-31 11:05:29');
INSERT INTO b2c_shopping VALUES('12', '1', '1', '621', '1', '2004-03-31 11:05:29');
INSERT INTO b2c_shopping VALUES('33', '33', '32', '83', '1', '2015-11-01 12:34:15');
INSERT INTO b2c_shopping VALUES('32', '32', '32', '83', '2', '2015-11-01 12:31:34');
INSERT INTO b2c_shopping VALUES('31', '31', '32', '50', '1', '2015-10-18 12:02:22');
INSERT INTO b2c_shopping VALUES('30', '31', '32', '46', '3', '2015-10-18 12:02:22');
INSERT INTO b2c_shopping VALUES('29', '29', '32', '53', '1', '2015-10-06 16:18:58');
INSERT INTO b2c_shopping VALUES('28', '29', '32', '51', '25', '2015-10-06 16:18:58');
INSERT INTO b2c_shopping VALUES('27', '29', '32', '213', '3', '2015-10-06 16:18:58');
INSERT INTO b2c_shopping VALUES('26', '29', '32', '47', '10', '2015-10-06 16:18:58');
INSERT INTO b2c_shopping VALUES('25', '29', '32', '55', '3', '2015-10-06 16:18:58');
INSERT INTO b2c_shopping VALUES('36', '36', '32', '86', '1', '2015-11-01 12:44:04');
INSERT INTO b2c_shopping VALUES('35', '35', '32', '87', '1', '2015-11-01 12:43:19');
INSERT INTO b2c_shopping VALUES('34', '34', '32', '87', '1', '2015-11-01 12:35:35');
INSERT INTO b2c_shopping VALUES('37', '37', '32', '86', '1', '2015-11-01 12:45:01');
INSERT INTO b2c_shopping VALUES('38', '38', '32', '86', '1', '2015-11-01 12:46:55');
INSERT INTO b2c_shopping VALUES('39', '39', '32', '86', '1', '2015-11-01 12:59:52');
INSERT INTO b2c_shopping VALUES('40', '40', '32', '86', '1', '2015-11-01 13:09:20');
INSERT INTO b2c_shopping VALUES('41', '41', '32', '47', '1', '2015-11-01 13:12:45');
INSERT INTO b2c_shopping VALUES('42', '43', '32', '83', '1', '2015-11-22 17:02:20');
INSERT INTO b2c_shopping VALUES('43', '43', '32', '46', '1', '2015-11-22 17:02:20');
INSERT INTO b2c_shopping VALUES('44', '44', '32', '86', '2', '2015-11-22 17:05:30');
INSERT INTO b2c_shopping VALUES('45', '46', '49', '86', '1', '2015-11-22 18:44:55');
INSERT INTO b2c_shopping VALUES('46', '46', '49', '46', '1', '2015-11-22 18:44:55');
INSERT INTO b2c_shopping VALUES('47', '47', '49', '53', '1', '2015-11-22 19:30:11');
INSERT INTO b2c_shopping VALUES('48', '48', '49', '46', '1', '2015-11-22 19:41:55');
INSERT INTO b2c_shopping VALUES('49', '6', '49', '50', '1', '2015-11-22 19:44:57');



DROP TABLE IF EXISTS b2c_user;
CREATE TABLE b2c_user (
   id int(10) unsigned NOT NULL auto_increment,
   u_name varchar(16) NOT NULL,
   u_pass varchar(16) NOT NULL,
   name varchar(20) NOT NULL,
   sex tinyint(4) NOT NULL,
   email varchar(60) NOT NULL,
   province varchar(10) NOT NULL,
   city varchar(12) NOT NULL,
   tel varchar(40) NOT NULL,
   address varchar(100) NOT NULL,
   post varchar(6) NOT NULL,
   attrib text,
   paper_name varchar(6) NOT NULL,
   paper_num varchar(25) NOT NULL,
   zzbh varchar(100),
   khhh varchar(100),
   khzh varchar(100),
   reg_date date DEFAULT '0000-00-00' NOT NULL,
   last_date datetime DEFAULT '0000-00-00 00:00:00' NOT NULL,
   times int(10) unsigned NOT NULL,
   action enum('y','n') DEFAULT 'y' NOT NULL,
   KEY id (id)
);

INSERT INTO b2c_user VALUES('1', 'wyx726', 'wyx726', '???', '1', 'wyx726@163.com', '??', '??', '13084436190', '???', '610041', '', '2', '', '', '', '', '2002-09-03', '2005-06-04 16:21:08', '30', 'y');
INSERT INTO b2c_user VALUES('4', '????', '331021', '???', '1', 'ybkj123@163.com', '??', '???', '023-68881718', '?????19?A?4F', '410041', '', '1', '331021810621095', '123456', '??', '13134132123', '2002-10-12', '2002-10-12 17:56:29', '2', 'y');
INSERT INTO b2c_user VALUES('3', '????', '584131420', '???', '2', 'jacky-wzf@163.com', '??', '??', '96991-8252734', '????', '614003', '', '1', '', '', '', '', '2002-10-09', '2003-02-01 22:34:29', '11', 'y');
INSERT INTO b2c_user VALUES('6', 'Story', '260024', '???', '1', 'ls_zxp@vip.163.com', '??', '??', '0833-2987631', '???????????393?  ?????????', '614000', '', '1', '511121700708463', '511121700708463', '?????????', '07319008091001', '2002-10-18', '2002-12-30 19:04:32', '8', 'y');
INSERT INTO b2c_user VALUES('7', 'winboy', 'wb1968', '???', '1', 'wenbin10@163.com', '??', '??', '0577-88787620~88787628', '?????????????37?', '325007', '', '1', '330328680924111', '', '', '', '2002-10-19', '2002-10-28 12:32:44', '2', 'y');
INSERT INTO b2c_user VALUES('8', 'sky_', '8894', '???', '1', 'zczhi@ayontel.com', '??', '???', '021-54192415', '?????????999?????3??5C?', '200233', '', '0', '', '', '', '', '2002-10-19', '2002-12-12 14:03:13', '4', 'y');
INSERT INTO b2c_user VALUES('9', 'xiaozhu1978', '19781978', '??', '1', 'xiaozhu3303@sina.com', '??', '??', '13084480258', '?????', '621000', '', '0', '', '', '', '', '2002-10-22', '2002-12-16 10:48:57', '1', 'y');
INSERT INTO b2c_user VALUES('10', 'AVAYA', '2422397', '??', '1', 'limingwwaa@sina.com', '??', '??', '138778856547', '????????', '520011', '', '0', '', '', '', '', '2002-10-22', '2002-10-22 20:07:52', '0', 'y');
INSERT INTO b2c_user VALUES('11', 'b2c', '083328', '???', '1', 'b2c@yeah.net', '??', '??', '13008320193', '????', '610041', '', '0', '', '', '', '', '2002-10-24', '2007-02-07 16:16:20', '25', 'y');
INSERT INTO b2c_user VALUES('12', 'CDTQR', '123456', '???', '2', 'tqrtqr@163.net', '??', '??', '1300052851', 'DDDDD', '610017', '', '0', '', '', '', '', '2002-10-24', '2002-10-24 16:40:56', '0', 'y');
INSERT INTO b2c_user VALUES('13', 'byok', '111111', '???', '1', 'baiyi322@263.net', '??', '???', '88888888', '????', '666666', '', '0', '', '', '', '', '2002-10-24', '2015-09-10 17:13:42', '1', 'y');
INSERT INTO b2c_user VALUES('14', 'gznetbar', '39ngnu', '???', '1', 'gznetbar@163.com', '??', '??', '8888888', '?', '332332', '', '1', '', '', '', '', '2002-10-24', '2002-10-24 22:41:45', '0', 'y');
INSERT INTO b2c_user VALUES('15', 'CQWZXCZ', '1982xcz', '???', '1', 'CQWZXCZ@163.com', '??', '???', '023-58138834', '???????165?', '404000', '', '1', '511111790207131', '', '', '', '2002-10-25', '2003-01-07 15:21:31', '5', 'y');
INSERT INTO b2c_user VALUES('17', 'jk2924', 'rui39518', '??', '1', 'jk2924@sina.com', '??', '???', '23006003', '????????????1??2?2?', '300192', '', '1', '120102790515141', '', '', '', '2002-10-25', '2002-10-25 14:32:40', '0', 'y');
INSERT INTO b2c_user VALUES('18', 'ibm_acs', 'fuckoff', '???', '1', 'mainwebmaster@263.net', '??', '???', '13910217901', '??????????610', '100084', '', '1', '410103790124195', '', '', '', '2002-10-28', '2002-10-28 11:34:39', '2', 'y');
INSERT INTO b2c_user VALUES('19', '????', '1031326', '?', '1', 'susongsong@163.com', '??', '???', '13611020490', '?????', '100031', '', '0', '', '', '', '', '2002-10-28', '2002-10-28 11:53:23', '1', 'y');
INSERT INTO b2c_user VALUES('20', 'apextech', '85137651', '????', '1', 'APEXTECH@mail.sc.cninfo.net', '??', '??', '85184760', '???????311', '610041', '????????', '0', '', '', '', '', '2002-10-30', '2002-10-30 13:50:37', '0', 'y');
INSERT INTO b2c_user VALUES('21', 'bartonfeng', '5680710', '??', '1', 'bartonfeng@263.net', '??', '??', '13813912453`', '?????1?', '210036', '', '1', '332602197610214678`', '', '', '', '2002-10-30', '2002-12-16 17:21:16', '1', 'y');
INSERT INTO b2c_user VALUES('22', 'duke', '780920', '???', '1', 'duke@aiworld.com.cn', '??', '??', '0512-57771021', '?????????261?', '215316', '', '0', '', '', '', '', '2002-11-01', '2002-12-11 20:06:15', '1', 'y');
INSERT INTO b2c_user VALUES('23', 'pengxiang', 'p1226x', '??', '1', 'pengxiang..@163.com', '??', '???', '021-64069106?64069110?13817745021', '??????169?13?502?', '201103', '', '1', '430202801226401', '', '', '', '2002-11-01', '2003-02-11 11:52:32', '5', 'y');
INSERT INTO b2c_user VALUES('24', 'yanlihong', 'adminseer', '???', '1', 'yanlihong@msn.com', '??', '???', '82397541', '??????2?', '100037', '', '1', '610302811107401', '', '', '', '2002-11-11', '2003-01-02 14:26:43', '1', 'y');
INSERT INTO b2c_user VALUES('27', 'shijin', '227227', '??', '1', 'shijin1@yeah.net', '??', '??', '0833-4227227', '???????????', '614400', '', '0', '', '', '', '', '2002-11-11', '2002-12-12 01:23:46', '1', 'y');
INSERT INTO b2c_user VALUES('28', 'chn217', '121166', '???', '1', 'chn217@163.com', '???', '???', '02787545714', '21321', '221231', '', '1', '312131234545678', '', '', '', '2002-11-12', '2002-11-12 00:53:42', '0', 'y');
INSERT INTO b2c_user VALUES('29', 'g_puma', '071454', '???', '1', 'g_puma@sina.com', '??', '??', '075526085188', '????????????18', '518057', '', '1', '310107197107145416', '', '', '', '2002-11-15', '2003-01-11 23:08:43', '2', 'y');
INSERT INTO b2c_user VALUES('30', 'LIUXIN8668', 'LIUSONGXIN', '??', '1', 'YAQIANG@STARINFO.NET.CN', '??', '???', '022-25345812-8001', '??????', '300450', '', '1', '120107750726061', '', '', '', '2002-11-21', '2002-11-21 12:05:38', '0', 'y');
INSERT INTO b2c_user VALUES('31', 'beak168', '680411', '???', '1', 'king411@21cn.com', '??', '???', '010-82031688-214', '??????????5?????7?', '100029', '', '0', '', '', '', '', '2002-11-24', '2003-01-21 16:56:23', '4', 'y');
INSERT INTO b2c_user VALUES('32', 'samon', 'samon', '??', '1', 'samon@163.com', '??', '????', '09918926111', '??????', '830001', '????????', '0', '', '', '', '', '2002-11-26', '2015-11-22 16:47:54', '20', 'y');
INSERT INTO b2c_user VALUES('33', 'soenjoy', '123456', '???', '1', 'soenjoy@163.net', '??', '??', '4647657', '3246747', '474753', '', '1', '4575786587', '', '', '', '2002-12-01', '2002-12-01 14:44:09', '0', 'y');
INSERT INTO b2c_user VALUES('34', 'benison', '123123', '???', '1', 'wayn@163.com', '??', '??', '08163661512-3419', '?????????????', '621709', '', '1', '', '', '', '', '2002-12-01', '2002-12-02 15:12:03', '1', 'y');
INSERT INTO b2c_user VALUES('35', 'ssy123', 'ssy123', '???', '1', '123@371.net', '??', '??', '4353929', '???78?', '450000', '', '0', '', '', '', '', '2002-12-05', '2002-12-05 09:51:13', '0', 'y');
INSERT INTO b2c_user VALUES('36', 'qdcci', '671230', '???', '1', 'qdcci@public.qd.sd.cn', '??', '??', '0532-5826005', '??????????????D?208?', '266071', '', '1', '', '', '', '', '2002-12-05', '2002-12-05 17:50:30', '0', 'y');
INSERT INTO b2c_user VALUES('37', 'genehsu', 'x5102810', '???', '1', 'genehsu@vip.sina.com', '??', '??', '025?7786269', '????????????', '210048', '', '0', '', '', '', '', '2002-12-07', '2002-12-31 16:29:06', '1', 'y');
INSERT INTO b2c_user VALUES('38', 'marky', '790907', '???', '1', 'zzy_cau@sohu.com', '??', '??', '0755-82437555-181', '???????????', '510008', '', '0', '', '', '', '', '2002-12-09', '2002-12-09 17:12:47', '0', 'y');
INSERT INTO b2c_user VALUES('39', 'eiei', '6601096', '???', '1', 'ee1@163.com', '??', '??', '0514-6060002', '??????????', '225253', '', '0', '', '', '', '', '2002-12-10', '2002-12-10 13:05:50', '0', 'y');
INSERT INTO b2c_user VALUES('40', 'lakeman', '672503', '???', '1', 'dxm@netmarch.com.cn', '??', '??', '0512-57364001-109', '?????????????????????', '215301', '?????', '0', '', '', '', '', '2002-12-10', '2002-12-10 13:48:37', '0', 'y');
INSERT INTO b2c_user VALUES('41', 'wangzg51888', '12345', '???', '2', 'wangzg51888@0451.com', '???', '???', '0451-6484519', '??', '150001', '', '0', '', '', '', '', '2002-12-12', '2002-12-12 14:49:49', '0', 'y');
INSERT INTO b2c_user VALUES('42', 'zhrocky', '37720000', '??', '1', 'zhrocky@21cn.com', '??', '??', '13016313131', '???', '519000', '', '1', '', '', '', '', '2002-12-15', '2002-12-15 16:46:39', '0', 'y');
INSERT INTO b2c_user VALUES('43', 'cy1018', '613108', '??', '1', 'cy1018@mail.sc.cninfo.net', '??', '??', '13908191990', '??', '610041', '', '0', '', '', '', '', '2002-12-15', '2002-12-15 21:43:36', '0', 'y');
INSERT INTO b2c_user VALUES('44', 'cloudcastal', '20030101', '???', '1', 'cloudcastal@163.com', '??', '??', '0851-5802291', '??????????134#', '550003', '', '0', '', '', '', '', '2002-12-15', '2002-12-15 23:12:03', '0', 'y');
INSERT INTO b2c_user VALUES('45', 'jmqcq', 'zyqjmq', '?', '1', 'jmqcq@etang.com', '??', '???', '023-67630401', '??', '401147', '', '0', '', '', '', '', '2002-12-16', '2002-12-16 21:12:16', '0', 'y');
INSERT INTO b2c_user VALUES('46', 'ybkj', '6203396', '??', '1', 'ybkj5029@sina.com', '???', '????', '0471-6203396', '????????95?', '010010', '', '1', '152075060220331', '', '', '', '2002-12-17', '2002-12-17 00:14:32', '0', 'n');
INSERT INTO b2c_user VALUES('47', 'xxxxx', 'zhubo', 'fdsa', '1', 'dsa', '', '', 'fds', 'dfs', 'dfs', '', '', 'fds', '', '', '', '2015-11-22', '2015-11-22 18:18:30', '0', 'n');
INSERT INTO b2c_user VALUES('48', 'fdsaaaaafds', '', '', '0', '', '', '', '', '', '', '', '', '', '', '', '', '2015-11-22', '2015-11-22 18:26:21', '0', 'n');
INSERT INTO b2c_user VALUES('49', 'dddddddddddd', '', '', '0', '', '', '', '', '', '', '', '', '', '', '', '', '2015-11-22', '2015-11-22 18:34:45', '1', 'y');
INSERT INTO b2c_user VALUES('50', 'zhuge', 'zhuge', '', '0', '', '', '', '', '', '', '', '', '', '', '', '', '2015-11-23', '2015-11-23 21:17:42', '1', 'y');



